Q	Status
q1	MATCH
q2	MATCH
q3	MATCH
q4	MATCH
q5	MATCH
q6	MATCH
q7	MATCH
q8	MATCH
q9	MATCH
q10	MATCH
q11	MATCH
q12	MATCH
q13	MATCH
q14	MATCH
q15	MATCH
q16	MATCH
q17	MATCH
q18	MATCH
q19	MATCH
q20	MATCH
q21	MATCH
q22	MATCH
q23	MATCH
q24	MATCH
q25	MATCH
q26	MATCH
q27	MATCH
q28	MATCH
q29	MATCH
q30	MATCH
q31	MATCH
q32	MATCH
q33	MATCH
q34	MATCH
q35	MATCH
q36	MATCH
q37	MATCH
q38	MATCH
q39	MATCH
q40	MATCH
q41	MATCH
q42	MATCH
q43	MATCH
q44	MATCH
q45	MATCH
q46	MATCH
q47	MATCH
q48	MATCH
q49	MATCH
q50	MATCH
q51	MATCH
q52	MATCH
q53	MATCH
q54	MATCH
q55	MATCH
q56	MATCH
q57	MATCH
q58	MATCH
q59	MATCH
q60	MATCH
q61	MATCH
q62	MATCH
q63	MATCH
q64	MATCH
q65	MATCH
q66	MATCH
q67	MATCH
q68	MATCH
q69	MATCH
q70	MATCH
q71	MATCH
q72	MATCH
q73	MATCH
q74	MATCH
q75	MATCH
q76	MATCH
q77	MATCH
q78	MATCH
q79	MATCH
q80	MATCH
q81	MATCH
q82	MATCH
q83	MATCH
q84	MATCH
q85	MATCH
q86	MATCH
q87	MATCH
q88	MATCH
q89	MATCH
q90	MATCH
q91	MATCH
q92	MATCH
q93	MATCH
q94	MATCH
q95	MATCH
q96	MATCH
q97	MATCH
q98	MATCH
q99	MATCH
q100	MATCH
q101	MATCH
q102	MATCH
q103	MATCH
q104	MATCH
q105	MATCH
q106	MATCH
q107	MATCH
q108	MATCH
q109	MATCH
q110	MATCH
q111	MATCH
q112	MATCH
q113	MATCH
q114	MATCH
q115	MATCH
q116	MATCH
q117	MATCH
q118	MATCH
q119	MATCH
q120	MATCH
q121	MATCH
q122	MATCH
q123	MATCH
q124	MATCH
q125	MATCH
q126	MATCH
q127	MATCH
q128	MATCH
q129	MATCH
q130	MATCH
q131	MATCH
q132	MATCH
q133	MATCH
q134	MATCH
q135	MATCH
q136	MATCH
q137	MATCH
q138	MATCH
q139	MATCH
q140	MATCH
q141	MATCH
q142	MATCH
q143	MATCH
q144	MATCH
q145	MATCH
q146	MATCH
q147	MATCH
q148	MATCH
q149	MATCH
q150	MATCH
q151	MATCH
q152	MATCH
q153	MATCH
q154	MATCH
q155	MATCH
q156	MATCH
q157	MATCH
q158	MATCH
q159	MATCH
q160	MATCH
q161	MATCH
q162	MATCH
q163	MATCH
q164	MATCH
q165	MATCH
q166	MATCH
q167	MATCH
q168	MATCH
q169	MATCH
q170	MATCH
q171	MATCH
q172	MATCH
q173	MATCH
q174	MATCH
q175	MATCH
q176	MATCH
q177	MATCH
q178	MATCH
q179	MATCH
q180	MATCH
q181	MATCH
q182	MATCH
q183	MATCH
q184	MATCH
q185	MATCH
q186	MATCH
q187	MATCH
q188	MATCH
q189	MATCH
q190	MATCH
q191	MATCH
q192	MATCH
q193	MATCH
q194	MATCH
q195	MATCH
q196	MATCH
q197	MATCH
q198	MATCH
q199	MATCH
q200	MATCH
q201	DIFF
q202	MATCH
q203	MATCH
q204	MATCH
q205	DIFF
q206	MATCH
q207	MATCH
q208	MATCH
q209	MATCH
q210	MATCH
q211	MATCH
q212	MATCH
q213	MATCH
q214	MATCH
q215	MATCH
q216	MATCH
q217	MATCH
q218	MATCH
q219	MATCH
q220	MATCH
q221	MATCH
q222	MATCH
q223	MATCH
q224	MATCH
q225	MATCH
q226	MATCH
q227	MATCH
q228	MATCH
q229	MATCH
q230	MATCH
q231	MATCH
q232	MATCH
q233	MATCH
q234	MATCH
q235	MATCH
q236	MATCH
q237	MATCH
q238	MATCH
q239	MATCH
q240	MATCH
q241	MATCH
q242	MATCH
q243	MATCH
q244	MATCH
q245	MATCH
q246	MATCH
q247	MATCH
q248	MATCH
q249	MATCH
q250	MATCH
q251	MATCH
q252	MATCH
q253	MATCH
q254	MATCH
q255	MATCH
q256	MATCH
q257	MATCH
q258	MATCH
q259	MATCH
q260	MATCH
q261	MATCH
q262	MATCH
q263	MATCH
q264	MATCH
q265	MATCH
q266	MATCH
q267	MATCH
q268	MATCH
q269	MATCH
q270	MATCH
q271	MATCH
q272	MATCH
q273	MATCH
q274	MATCH
q275	MATCH
q276	MATCH
q277	MATCH
q278	MATCH
q279	MATCH
q280	MATCH
q281	MATCH
q282	MATCH
q283	MATCH
q284	MATCH
q285	MATCH
q286	MATCH
q287	MATCH
q288	MATCH
q289	MATCH
q290	MATCH
q291	MATCH
q292	MATCH
q293	MATCH
q294	MATCH
q295	MATCH
q296	MATCH
q297	MATCH
q298	MATCH
q299	MATCH
q300	MATCH
q301	MATCH
q302	MATCH
q303	MATCH
q304	MATCH
q305	MATCH
q306	MATCH
q307	MATCH
q308	MATCH
q309	MATCH
q310	MATCH
q311	MATCH
q312	MATCH
q313	MATCH
q314	MATCH
q315	MATCH
q316	MATCH
q317	MATCH
q318	MATCH
q319	MATCH
q320	MATCH
q321	MATCH
q322	MATCH
q323	MATCH
q324	MATCH
q325	MATCH
q326	MATCH
q327	MATCH
q328	MATCH
q329	MATCH
q330	MATCH
q331	MATCH
q332	MATCH
q333	MATCH
q334	MATCH
q335	MATCH
q336	MATCH
q337	MATCH
q338	MATCH
q339	MATCH
q340	MATCH
q341	MATCH
q342	MATCH
q343	MATCH
q344	MATCH
q345	MATCH
q346	MATCH
q347	MATCH
q348	MATCH
q349	MATCH
q350	MATCH
q351	MATCH
q352	MATCH
q353	MATCH
q354	MATCH
q355	MATCH
q356	MATCH
q357	MATCH
q358	MATCH
q359	MATCH
q360	MATCH
q361	MATCH
q362	MATCH
q363	MATCH
q364	MATCH
q365	MATCH
q366	MATCH
q367	MATCH
q368	MATCH
q369	MATCH
q370	MATCH
q371	MATCH
q372	MATCH
q373	MATCH
q374	MATCH
q375	MATCH
q376	MATCH
q377	MATCH
q378	MATCH
q379	MATCH
q380	MATCH
q381	MATCH
q382	MATCH
q383	MATCH
q384	MATCH
q385	MATCH
q386	MATCH
q387	MATCH
q388	MATCH
q389	MATCH
q390	MATCH
q391	MATCH
q392	MATCH
q393	MATCH
q394	MATCH
q395	MATCH
q396	MATCH
q397	MATCH
q398	MATCH
q399	MATCH
q400	MATCH
q401	MATCH
q402	MATCH
q403	MATCH
q404	MATCH
q405	MATCH
q406	MATCH
q407	MATCH
q408	MATCH
q409	MATCH
q410	MATCH
q411	MATCH
q412	MATCH
q413	MATCH
q414	MATCH
q415	MATCH
q416	MATCH
q417	MATCH
q418	MATCH
q419	MATCH
q420	MATCH
q421	MATCH
q422	MATCH
q423	MATCH
q424	MATCH
q425	MATCH
q426	MATCH
q427	MATCH
q428	MATCH
q429	MATCH
q430	MATCH
q431	MATCH
q432	MATCH
q433	MATCH
q434	MATCH
q435	MATCH
q436	MATCH
q437	MATCH
q438	MATCH
q439	MATCH
q440	MATCH
q441	MATCH
q442	MATCH
q443	MATCH
q444	MATCH
q445	MATCH
q446	MATCH
q447	MATCH
q448	MATCH
q449	MATCH
q450	MATCH
q451	MATCH
q452	MATCH
q453	MATCH
q454	MATCH
q455	MATCH
q456	MATCH
q457	MATCH
q458	MATCH
q459	MATCH
q460	MATCH
q461	MATCH
q462	MATCH
q463	MATCH
q464	MATCH
q465	MATCH
q466	MATCH
q467	MATCH
q468	MATCH
q469	MATCH
q470	MATCH
q471	MATCH
q472	MATCH
q473	MATCH
q474	MATCH
q475	MATCH
q476	MATCH
q477	MATCH
q478	MATCH
q479	MATCH
q480	MATCH
q481	MATCH
q482	MATCH
q483	MATCH
q484	MATCH
q485	MATCH
q486	MATCH
q487	MATCH
q488	MATCH
q489	MATCH
q490	MATCH
q491	MATCH
q492	MATCH
q493	MATCH
q494	MATCH
q495	MATCH
q496	MATCH
q497	MATCH
q498	MATCH
q499	MATCH
q500	MATCH
q501	MATCH
q502	MATCH
q503	MATCH
q504	MATCH
q505	MATCH
q506	MATCH
q507	MATCH
q508	MATCH
q509	MATCH
q510	MATCH
q511	MATCH
q512	MATCH
q513	MATCH
q514	MATCH
q515	MATCH
q516	MATCH
q517	MATCH
q518	MATCH
q519	MATCH
q520	MATCH
q521	MATCH
q522	MATCH
q523	MATCH
q524	MATCH
q525	MATCH
q526	MATCH
q527	MATCH
q528	MATCH
q529	MATCH
q530	MATCH
q531	MATCH
q532	MATCH
q533	MATCH
q534	MATCH
q535	MATCH
q536	MATCH
q537	MATCH
q538	MATCH
q539	MATCH
q540	MATCH
q541	MATCH
q542	MATCH
q543	MATCH
q544	MATCH
q545	MATCH
q546	MATCH
q547	MATCH
q548	MATCH
q549	MATCH
q550	MATCH
q551	MATCH
q552	MATCH
q553	MATCH
q554	MATCH
q555	MATCH
q556	MATCH
q557	MATCH
q558	MATCH
q559	MATCH
q560	MATCH
q561	MATCH
q562	MATCH
q563	MATCH
q564	MATCH
q565	MATCH
q566	MATCH
q567	MATCH
q568	MATCH
q569	MATCH
q570	MATCH
q571	MATCH
q572	MATCH
q573	MATCH
q574	MATCH
q575	MATCH
q576	MATCH
q577	MATCH
q578	MATCH
q579	MATCH
q580	MATCH
q581	MATCH
q582	MATCH
q583	MATCH
q584	MATCH
q585	MATCH
q586	MATCH
q587	MATCH
q588	MATCH
q589	MATCH
q590	MATCH
q591	MATCH
q592	MATCH
q593	MATCH
q594	MATCH
q595	MATCH
q596	MATCH
q597	MATCH
q598	MATCH
q599	MATCH
q600	MATCH
q601	MATCH
q602	MATCH
q603	MATCH
q604	MATCH
q605	MATCH
q606	MATCH
q607	MATCH
q608	MATCH
q609	MATCH
q610	MATCH
q611	MATCH
q612	MATCH
q613	MATCH
q614	MATCH
q615	MATCH
q616	MATCH
q617	MATCH
q618	MATCH
q619	MATCH
q620	MATCH
q621	MATCH
q622	MATCH
q623	MATCH
q624	MATCH
q625	MATCH
q626	MATCH
q627	MATCH
q628	MATCH
q629	MATCH
q630	MATCH
q631	MATCH
q632	MATCH
q633	MATCH
q634	MATCH
q635	MATCH
q636	MATCH
q637	MATCH
q638	MATCH
q639	MATCH
q640	MATCH
q641	MATCH
q642	MATCH
q643	MATCH
q644	MATCH
q645	MATCH
q646	MATCH
q647	MATCH
q648	MATCH
q649	MATCH
q650	MATCH
q651	MATCH
q652	MATCH
q653	MATCH
q654	MATCH
q655	MATCH
q656	MATCH
q657	MATCH
q658	MATCH
q659	MATCH
q660	MATCH
q661	MATCH
q662	MATCH
q663	MATCH
q664	MATCH
q665	MATCH
q666	MATCH
q667	MATCH
q668	MATCH
q669	MATCH
q670	MATCH
q671	MATCH
q672	MATCH
q673	MATCH
q674	MATCH
q675	MATCH
q676	MATCH
q677	MATCH
q678	MATCH
q679	MATCH
q680	MATCH
q681	MATCH
q682	MATCH
q683	MATCH
q684	MATCH
q685	MATCH
q686	MATCH
q687	MATCH
q688	MATCH
q689	MATCH
q690	MATCH
q691	MATCH
q692	MATCH
q693	MATCH
q694	MATCH
q695	MATCH
q696	MATCH
q697	MATCH
q698	MATCH
q699	MATCH
q700	MATCH
q701	MATCH
q702	MATCH
q703	MATCH
q704	MATCH
q705	MATCH
q706	MATCH
q707	MATCH
q708	MATCH
q709	MATCH
q710	MATCH
q711	MATCH
q712	MATCH
q713	MATCH
q714	MATCH
q715	MATCH
q716	MATCH
q717	MATCH
q718	MATCH
q719	MATCH
q720	MATCH
q721	MATCH
q722	MATCH
q723	MATCH
q724	MATCH
q725	MATCH
q726	MATCH
q727	MATCH
q728	MATCH
q729	MATCH
q730	MATCH
q731	MATCH
q732	MATCH
q733	MATCH
q734	MATCH
q735	MATCH
q736	MATCH
q737	MATCH
q738	MATCH
q739	MATCH
q740	MATCH
q741	MATCH
q742	MATCH
q743	MATCH
q744	MATCH
q745	MATCH
q746	MATCH
q747	MATCH
q748	MATCH
q749	MATCH
q750	MATCH
q751	MATCH
q752	MATCH
q753	MATCH
q754	MATCH
q755	MATCH
q756	MATCH
q757	MATCH
q758	MATCH
q759	MATCH
q760	MATCH
q761	MATCH
q762	MATCH
q763	MATCH
q764	MATCH
q765	MATCH
q766	MATCH
q767	MATCH
q768	MATCH
q769	MATCH
q770	MATCH
q771	MATCH
q772	MATCH
q773	MATCH
q774	MATCH
q775	MATCH
q776	MATCH
q777	MATCH
q778	MATCH
q779	MATCH
q780	MATCH
q781	MATCH
q782	MATCH
q783	MATCH
q784	MATCH
q785	MATCH
q786	MATCH
q787	MATCH
q788	MATCH
q789	MATCH
q790	MATCH
q791	MATCH
q792	MATCH
q793	MATCH
q794	MATCH
q795	MATCH
q796	MATCH
q797	MATCH
q798	MATCH
q799	MATCH
q800	MATCH
q801	MATCH
q802	MATCH
q803	MATCH
q804	MATCH
q805	MATCH
q806	MATCH
q807	MATCH
q808	MATCH
q809	MATCH
q810	MATCH
q811	MATCH
q812	MATCH
q813	MATCH
q814	MATCH
q815	MATCH
q816	MATCH
q817	MATCH
q818	MATCH
q819	MATCH
q820	MATCH
q821	MATCH
q822	MATCH
q823	MATCH
q824	MATCH
q825	MATCH
q826	MATCH
q827	MATCH
q828	MATCH
q829	MATCH
q830	MATCH
q831	MATCH
q832	MATCH
q833	MATCH
q834	MATCH
q835	MATCH
q836	MATCH
q837	MATCH
q838	MATCH
q839	MATCH
q840	MATCH
q841	MATCH
q842	MATCH
q843	MATCH
q844	MATCH
q845	MATCH
q846	MATCH
q847	MATCH
q848	MATCH
q849	MATCH
q850	MATCH
q851	MATCH
q852	MATCH
q853	MATCH
q854	MATCH
q855	MATCH
q856	MATCH
q857	MATCH
q858	MATCH
q859	MATCH
q860	MATCH
q861	MATCH
q862	MATCH
q863	MATCH
q864	MATCH
q865	MATCH
q866	MATCH
q867	MATCH
q868	MATCH
q869	MATCH
q870	MATCH
q871	MATCH
q872	MATCH
q873	MATCH
q874	MATCH
q875	MATCH
q876	MATCH
q877	MATCH
q878	MATCH
q879	MATCH
q880	MATCH
q881	MATCH
q882	MATCH
q883	MATCH
q884	MATCH
q885	MATCH
q886	MATCH
q887	MATCH
q888	MATCH
q889	MATCH
q890	MATCH
q891	MATCH
q892	MATCH
q893	MATCH
q894	MATCH
q895	MATCH
q896	MATCH
q897	MATCH
q898	MATCH
q899	MATCH
q900	MATCH
q901	MATCH
q902	MATCH
q903	MATCH
q904	MATCH
q905	MATCH
q906	MATCH
q907	MATCH
q908	MATCH
q909	MATCH
q910	MATCH
q911	MATCH
q912	MATCH
q913	MATCH
q914	MATCH
q915	MATCH
q916	MATCH
q917	MATCH
q918	MATCH
q919	MATCH
q920	MATCH
q921	MATCH
q922	MATCH
q923	MATCH
q924	MATCH
q925	MATCH
q926	MATCH
q927	MATCH
q928	MATCH
q929	MATCH
q930	MATCH
q931	MATCH
q932	MATCH
q933	MATCH
q934	MATCH
q935	MATCH
q936	MATCH
q937	MATCH
q938	MATCH
q939	MATCH
q940	MATCH
q941	MATCH
q942	MATCH
q943	MATCH
q944	MATCH
q945	MATCH
q946	MATCH
q947	MATCH
q948	MATCH
q949	MATCH
q950	MATCH
q951	MATCH
q952	MATCH
q953	MATCH
q954	MATCH
q955	MATCH
q956	MATCH
q957	MATCH
q958	MATCH
q959	MATCH
q960	MATCH
q961	MATCH
q962	MATCH
q963	MATCH
q964	MATCH
q965	MATCH
q966	MATCH
q967	MATCH
q968	MATCH
q969	MATCH
q970	MATCH
q971	MATCH
q972	MATCH
q973	MATCH
q974	MATCH
q975	MATCH
q976	MATCH
q977	MATCH
q978	MATCH
q979	MATCH
q980	MATCH
q981	MATCH
q982	MATCH
q983	MATCH
q984	MATCH
q985	MATCH
q986	MATCH
q987	MATCH
q988	MATCH
q989	MATCH
q990	MATCH
q991	MATCH
q992	MATCH
q993	MATCH
q994	MATCH
q995	MATCH
q996	MATCH
q997	MATCH
q998	MATCH
q999	MATCH
q1000	MATCH
q1001	MATCH
q1002	MATCH
q1003	MATCH
q1004	MATCH
q1005	MATCH
q1006	MATCH
q1007	MATCH
q1008	MATCH
q1009	MATCH
q1010	MATCH
q1011	MATCH
q1012	MATCH
q1013	MATCH
q1014	MATCH
q1015	MATCH
q1016	MATCH
q1017	MATCH
q1018	MATCH
q1019	MATCH
q1020	MATCH
q1021	MATCH
q1022	MATCH
q1023	MATCH
q1024	MATCH
q1025	MATCH
q1026	MATCH
q1027	MATCH
q1028	MATCH
q1029	MATCH
q1030	MATCH
q1031	MATCH
q1032	MATCH
q1033	MATCH
q1034	MATCH
q1035	MATCH
q1036	MATCH
q1037	MATCH
q1038	MATCH
q1039	MATCH
q1040	MATCH
q1041	MATCH
q1042	MATCH
q1043	MATCH
q1044	MATCH
q1045	MATCH
q1046	MATCH
q1047	MATCH
q1048	MATCH
q1049	MATCH
q1050	MATCH
q1051	MATCH
q1052	MATCH
q1053	MATCH
q1054	MATCH
q1055	MATCH
q1056	MATCH
q1057	MATCH
q1058	MATCH
q1059	MATCH
q1060	MATCH
q1061	MATCH
q1062	MATCH
q1063	MATCH
q1064	MATCH
q1065	MATCH
q1066	MATCH
q1067	MATCH
q1068	MATCH
q1069	MATCH
q1070	MATCH
q1071	MATCH
q1072	MATCH
q1073	MATCH
q1074	MATCH
q1075	MATCH
q1076	MATCH
q1077	MATCH
q1078	MATCH
q1079	MATCH
q1080	MATCH
q1081	MATCH
q1082	MATCH
q1083	MATCH
q1084	MATCH
q1085	MATCH
q1086	MATCH
q1087	MATCH
q1088	MATCH
q1089	MATCH
q1090	MATCH
q1091	MATCH
q1092	MATCH
q1093	MATCH
q1094	MATCH
q1095	MATCH
q1096	MATCH
q1097	MATCH
q1098	MATCH
q1099	MATCH
q1100	MATCH
q1101	MATCH
q1102	MATCH
q1103	MATCH
q1104	MATCH
q1105	MATCH
q1106	MATCH
q1107	MATCH
q1108	MATCH
q1109	MATCH
q1110	MATCH
q1111	MATCH
q1112	MATCH
q1113	MATCH
q1114	MATCH
q1115	MATCH
q1116	MATCH
q1117	MATCH
q1118	MATCH
q1119	MATCH
q1120	MATCH
q1121	MATCH
q1122	MATCH
q1123	MATCH
q1124	MATCH
q1125	MATCH
q1126	MATCH
q1127	MATCH
q1128	MATCH
q1129	MATCH
q1130	MATCH
q1131	MATCH
q1132	MATCH
q1133	MATCH
q1134	MATCH
q1135	MATCH
q1136	MATCH
q1137	MATCH
q1138	MATCH
q1139	MATCH
q1140	MATCH
q1141	MATCH
q1142	MATCH
q1143	MATCH
q1144	DIFF
q1145	MATCH
q1146	DIFF
q1147	MATCH
q1148	MATCH
q1149	MATCH
q1150	MATCH
q1151	MATCH
q1152	MATCH
q1153	MATCH
q1154	MATCH
q1155	MATCH
q1156	MATCH
q1157	MATCH
q1158	MATCH
q1159	MATCH
q1160	MATCH
q1161	MATCH
q1162	MATCH
q1163	MATCH
q1164	MATCH
q1165	DIFF
q1166	MATCH
q1167	MATCH
q1168	MATCH
q1169	MATCH
q1170	MATCH
q1171	MATCH
q1172	MATCH
q1173	MATCH
q1174	MATCH
q1175	MATCH
q1176	MATCH
q1177	MATCH
q1178	MATCH
q1179	MATCH
q1180	MATCH
q1181	MATCH
q1182	MATCH
q1183	MATCH
